id,section,modules,priority,role,preparation,action,expected,evidence,status,firmware,build,actual,evidence_path,defect
Q-01,Identification et qualification du banc,"core,telnet,logging",P0,A+F,RX3 arrêté; clé de secours stock; volume de sortie réduit,"F relie le banc et lit la version dans Utility; A relève firmware, numéro de série privé et topologie USB",Version et appareil identifiés; secours accessible; aucune clé musicale personnelle utilisée comme cible,PHOTO+ENV,NON_EXECUTE,,,,,
Q-02,Identification et qualification du banc,"core,telnet,logging",P0,A,Source et application candidate disponibles,"Figer commit ET diff local, manifests, dépendances et SHA-256 de l’app, autoexec.bin, core et ressources",Une génération unique identifie tous les résultats; toute modification produit un nouveau build de recette,HASH,NON_EXECUTE,,,,,
Q-03,Identification et qualification du banc,"core,telnet,logging",P0,A+F,Profil STOCK sans mod; médias étalons exportés,"F charge D1 puis D2 et lance 5 min; A enregistre écran, audio et temps de chargement",Référence native saine avant comparaison; audio et commandes fonctionnent sur les deux decks,AUDIO+VIDEO+METRICS,NON_EXECUTE,,,,,
Q-04,Identification et qualification du banc,"core,telnet,logging",P0,A+F,Profil DIAG; connexion USB-B directe,"F insère puis attend; A découvre l’adresse actuelle, ouvre Telnet et relève les outils présents",Connexion sur le bon RX3; accès et outils identifiés sans réutiliser une ancienne IP à l’aveugle,ENV+LOG,NON_EXECUTE,,,,,
Q-05,Identification et qualification du banc,"core,telnet,logging",P0,A,Répertoire de preuves sur ordinateur,"Calibrer horodatage, capture audio stéréo et vidéo; enregistrer un marqueur simultané",Preuves corrélables; canaux L/R identifiés; la capture ne sature pas,AUDIO+VIDEO,NON_EXECUTE,,,,,
Q-06,Identification et qualification du banc,"core,telnet,logging",P0,A+F,Deux decks arrêtés; piste Q01 en première position,"Qualifier une éventuelle commande de chargement native documentée; vérifier ID, deck et écran après chaque action",Automatisation admise seulement après 3 charges correctes par deck; sinon F utilise les boutons physiques LOAD,LOG+VIDEO,NON_EXECUTE,,,,,
Q-07,Identification et qualification du banc,"core,telnet,logging",P0,A,Tous les modules et notes candidat,Résoudre les écarts listés dans le cahier et figer les attentes avant les essais,Contrat produit connu; pas de verdict OK attribué à deux comportements contradictoires,DOC,NON_EXECUTE,,,,,
Q-08,Identification et qualification du banc,"core,telnet,logging",P0,A,Médias étalons et bibliothèque dédiée,"Relire les fichiers, calculer les hashes, vérifier chemins exportés, BPM, clés et cues sur le RX3",Corpus réellement chargeable; aucune hypothèse fondée sur le seul nom du fichier,HASH+PHOTO,NON_EXECUTE,,,,,
APP-01,Application livrée et préparation USB,"core,stems,samples,logo,keyshift,key-match,key-sync,browse-columns",P0,A+F,"Application empaquetée candidate, compte de test et clé U1","A démarre l’app, choisit U1, prépare l’installation; F ne confirme que les dialogues système inaccessibles à A",Parcours livré utilisable sans lancer le code source; manifest et fichiers correspondent à la sélection,VIDEO+HASH,NON_EXECUTE,,,,,
APP-02,Application livrée et préparation USB,"core,stems,samples,logo,keyshift,key-match,key-sync,browse-columns",P0,A,U1 et U2 avec installations différentes,"Changer de clé sélectionnée, relancer l’app puis relire les choix",Cases dérivées du manifest de la bonne clé; aucun module inventé d’après les logs,VIDEO+HASH,NON_EXECUTE,,,,,
APP-03,Application livrée et préparation USB,"core,stems,samples,logo,keyshift,key-match,key-sync,browse-columns",P0,A,Profil neuf puis anciennes préférences de qualité/modèle,Préparer la même piste par les deux profils,Aucun sélecteur qualité/modèle; VOCAL et DRUMS préparés; INST reconstruit; ancienne préférence sans effet sur cette politique,VIDEO+LOG+HASH,NON_EXECUTE,,,,,
APP-04,Application livrée et préparation USB,"core,stems,samples,logo,keyshift,key-match,key-sync,browse-columns",P0,A,Source musicale M01 avec voix et batterie; cache vide,"Installer le moteur si nécessaire, préparer et écouter chaque combinaison","Installation effective, progression et fin explicites; sortie valide; modèle choisi automatiquement; voix et batterie musicalement exploitables",LOG+AUDIO,NON_EXECUTE,,,,,
APP-05,Application livrée et préparation USB,"core,stems,samples,logo,keyshift,key-match,key-sync,browse-columns",P1,A,Cache de M01 puis variante source/paramètres effectifs,"Repréparer à l’identique, puis changer une entrée invalidante et essayer après éviction du cache",Réutilisation vérifiée à l’identique; recalcul justifié après invalidation; aucun engagement de réutilisation après suppression,LOG+HASH,NON_EXECUTE,,,,,
APP-06,Application livrée et préparation USB,"core,stems,samples,logo,keyshift,key-match,key-sync,browse-columns",P0,A,Préparation longue sur une copie,"Annuler pendant séparation, décodage et export; refaire chaque étape; fermer l’app pendant un job",Processus enfants terminés; pas de paquet partiel publié; ancien résultat conservé; reprise possible,LOG+HASH,NON_EXECUTE,,,,,
APP-07,Application livrée et préparation USB,"core,stems,samples,logo,keyshift,key-match,key-sync,browse-columns",P0,A,Jeu IM de stems connus puis décalés/trop courts/niveau incompatible,Importer le jeu sain; tenter séparément les variantes invalides,Import sain accepté et conservé; refus ou ajustements explicitement annoncés; aucune correction silencieuse du niveau,LOG+HASH+AUDIO,NON_EXECUTE,,,,,
APP-08,Application livrée et préparation USB,"core,stems,samples,logo,keyshift,key-match,key-sync,browse-columns",P0,A,"U1 avec espace insuffisant simulé sur support de test, puis source dépassant la limite calculée",Lancer une préparation/importation refusée,Refus explicite avant travail inutile; aucune bibliothèque existante détériorée,LOG+HASH,NON_EXECUTE,,,,,
APP-09,Application livrée et préparation USB,"core,stems,samples,logo,keyshift,key-match,key-sync,browse-columns",P1,A,Bibliothèque de test ouverte dans rekordbox,Demander lecture/préparation; fermer rekordbox puis Check again,"Accès bloqué puis reprise propre, sans opérations concurrentes sur la bibliothèque",VIDEO,NON_EXECUTE,,,,,
APP-10,Application livrée et préparation USB,"core,stems,samples,logo,keyshift,key-match,key-sync,browse-columns",P1,A,"FR puis EN, fenêtre étroite et normale","Parcourir Modules, Stems, Samples, Logo; inspecter erreurs et sélection clavier",Libellés lisibles; pas de clé de traduction brute; avertissement ZOOM/GRID présent; phrase STATUS retirée,VIDEO,NON_EXECUTE,,,,,
APP-11,Application livrée et préparation USB,"core,stems,samples,logo,keyshift,key-match,key-sync,browse-columns",P0,A,Banque B1 existante; banque B2 à sauvegarder,Annuler une édition; sauver B2; injecter un échec de conversion sur une copie avant remplacement,Annulation sans écriture; banque saine entièrement préparée; échec de conversion ne mélange pas anciens et nouveaux pads,HASH+LOG,NON_EXECUTE,,,,,
APP-12,Application livrée et préparation USB,"core,stems,samples,logo,keyshift,key-match,key-sync,browse-columns",P1,A,U1 de recette; sauvegarde préalable des fichiers de musique,Tester suppression du mod et suppression d’une banque avec annulation puis confirmation,Confirmations utiles; seule la cible est supprimée; musique et autres banques inchangées,HASH+VIDEO,NON_EXECUTE,,,,,
APP-13,Application livrée et préparation USB,"core,stems,samples,logo,keyshift,key-match,key-sync,browse-columns",P0,A,"Clé fraîche, acquisition du matériel de construction non en cache","Construire via l’app, puis recommencer hors réseau avec les éléments déjà disponibles",Acquisition automatique explicite; archive vérifiée; erreur réseau compréhensible; pas d’installation prétendue réussie en cas d’échec,LOG+HASH,NON_EXECUTE,,,,,
APP-14,Application livrée et préparation USB,"core,stems,samples,logo,keyshift,key-match,key-sync,browse-columns",P1,A,"Logo de test, prévisualisation Samples et écoute Stems",Comparer les préparations de l’app aux fichiers effectivement exportés,"Cadrage, noms, couleurs, modes, gains et audio correspondent aux paramètres enregistrés",HASH+VIDEO,NON_EXECUTE,,,,,
T-01,Contrôles Telnet et core,"core,telnet,logging,logging-verbose,decoder-sleep",P0,A,Profil COMPLET au repos,"Lire PID/starttime de rbp, chemin exécutable, maps, marqueur ready et hash du core installé",Un seul lecteur actif; ready lié au bon PID; bon core réellement mappé; pas de faux succès fondé sur un fichier isolé,ENV+HASH,NON_EXECUTE,,,,,
T-02,Contrôles Telnet et core,"core,telnet,logging,logging-verbose,decoder-sleep",P0,A,Même profil après chargement et lecture,"Collecter logs runtime, noyau, sorties joueur et statut de processus","Aucun crash, OOM, segfault, boucle de relance ni échec ignoré d’un module sélectionné",LOG+METRICS,NON_EXECUTE,,,,,
T-03,Contrôles Telnet et core,"core,telnet,logging,logging-verbose,decoder-sleep",P0,A,Firmware identifié; outils statiques hors lecteur,Vérifier les signatures contre le firmware exact et les preuves live disponibles,Toutes les gardes requises correspondent; distinction explicite entre binaire disque et hooks réellement actifs,HASH+LOG,NON_EXECUTE,,,,,
T-04,Contrôles Telnet et core,"core,telnet,logging,logging-verbose,decoder-sleep",P1,A,5 min stock puis 5 min COMPLET idle,"Relever CPU, mémoire, threads et descripteurs toutes les 10 s depuis l’ordinateur",Mesure comparative complète; pas de croissance sans plateau; collecte elle-même légère,METRICS,NON_EXECUTE,,,,,
T-05,Contrôles Telnet et core,"core,telnet,logging,logging-verbose,decoder-sleep",P0,A,rbp prêt et utilities usuels disponibles,Lancer uniquement des lectures bénignes dans une session enfant; recontrôler readiness,Les outils enfants ne réinitialisent pas l’état du lecteur et ne cherchent pas à installer ses hooks,LOG+ENV,NON_EXECUTE,,,,,
T-06,Contrôles Telnet et core,"core,telnet,logging,logging-verbose,decoder-sleep",P1,A,Profil DIAG puis même profil réinséré,"Vérifier session.txt, session-previous.txt et motifs restart/no-op",Rotation exploitable; génération identifiable; absence de succès trompeur après erreur,LOG,NON_EXECUTE,,,,,
T-07,Contrôles Telnet et core,"core,telnet,logging,logging-verbose,decoder-sleep",P1,A+F,"Logging simple puis verbose, essais séparés","F lit 2 min; A compare flux, occupation, handles et coût",Simple et verbose distingués; verbose écrit les logs attendus sans perturbation; avertissement cohérent avec la politique d’éjection,LOG+METRICS+AUDIO,NON_EXECUTE,,,,,
T-08,Contrôles Telnet et core,"core,telnet,logging,logging-verbose,decoder-sleep",P0,A+F,"Profil FINAL sans diagnostics, redémarrage complet",F joue 5 min; A vérifie absence d’écoute Telnet depuis l’ordinateur et inspecte la clé après éjection,Diagnostic absent par défaut; pas de journal USB non demandé; même comportement audio/UI,NETWORK+HASH+AUDIO,NON_EXECUTE,,,,,
T-09,Contrôles Telnet et core,"core,telnet,logging,logging-verbose,decoder-sleep",P1,A,Decoder wait actif; console interne disponible,Capturer les réponses aux deux réglages sans boucler les commandes,Réponses non vides pour D1 et D2; valeur appliquée marquée NON_VERIFIEE si aucune lecture fiable n’existe,LOG,NON_EXECUTE,,,,,
T-10,Contrôles Telnet et core,"core,telnet,logging,logging-verbose,decoder-sleep",P1,A,"Copie de test du helper, cible UDP sans répondant; aucun lecteur en lecture",Exécuter le cas timeout isolé puis relever ses enfants/fichiers temporaires,Échec borné; ni faux succès ni enfant de réception orphelin; aucune panne imposée au service natif,LOG+METRICS,NON_EXECUTE,,,,,
BJ-01,Beat Jump et conservation des commandes natives,"beatjump-32bars,beatjump-no-quantize,decoder-sleep",P0,A+F,Q01 à 120 BPM avec grille et repères 32 temps; profil BJ32,"F ouvre BEAT JUMP, presse pad 8 puis pad 7 sur D1; refaire D2","Déplacement de +32 puis -32 temps, soit 16 s à tempo nul; pads concernés corrects; retour au repère",VIDEO+AUDIO,NON_EXECUTE,,,,,
BJ-02,Beat Jump et conservation des commandes natives,"beatjump-32bars,beatjump-no-quantize,decoder-sleep",P0,A+F,Q01 près du début puis de la fin,F essaie les sauts hors limites et les autres tailles de saut,Refus/limites natives conservés; aucun wrap ni position impossible; autres pads inchangés,VIDEO,NON_EXECUTE,,,,,
BJ-03,Beat Jump et conservation des commandes natives,"beatjump-32bars,beatjump-no-quantize,decoder-sleep",P0,A+F,Profil immédiat seul puis combiné BJ32,F presse quatre fois rapidement le saut choisi pendant lecture,Quatre actions prises en compte sans attente ajoutée de demi-mesure; position finale attendue et audio continu,VIDEO+AUDIO,NON_EXECUTE,,,,,
BJ-04,Beat Jump et conservation des commandes natives,"beatjump-32bars,beatjump-no-quantize,decoder-sleep",P0,A+F,"Q01, Quantize ON puis OFF","F teste Beat Jump, Hot Cue, boucle et Beat FX dans chaque état","Seul le comportement Beat Jump demandé change; cues, boucles et FX gardent leurs règles natives",VIDEO+AUDIO,NON_EXECUTE,,,,,
BJ-05,Beat Jump et conservation des commandes natives,"beatjump-32bars,beatjump-no-quantize,decoder-sleep",P1,A+F,Profil decoder seul et STOCK; même média/position,F répète 20 sauts identiques par deck; A mesure reprise et charge,Distributions comparables et aucune régression sonore; ne pas conclure à un gain sur la seule réponse UDP,METRICS+AUDIO,NON_EXECUTE,,,,,
BJ-06,Beat Jump et conservation des commandes natives,"beatjump-32bars,beatjump-no-quantize,decoder-sleep",P0,A+F,"COMPLET, deux decks en lecture, stems et Key Shift actifs","F alterne sauts, cue, jog et reverse","Aucun blocage, morceau précédent ou canal perdu; resets audio corrects",AUDIO+VIDEO+LOG,NON_EXECUTE,,,,,
BJ-07,Beat Jump et conservation des commandes natives,"beatjump-32bars,beatjump-no-quantize,decoder-sleep",P1,A+F,Retrait des modules puis arrêt/marche stock,F refait un saut pad 7/8 et une séquence rapide,Distances et cadence natives retrouvées; réglage volatile non présenté comme persistant,VIDEO+ENV,NON_EXECUTE,,,,,
UI-01,"Onglets, routage des pads et gestes communs","core,keyshift,stems,samples",P0,A+F,Huit profils KEY/STEMS/SAMPLES définis dans le cahier,A prépare chaque profil; F touche chaque onglet et ses bords,Les huit combinaisons respectent la matrice; aucune zone fantôme; ZOOM/GRID disponibles seulement sans KEY et STEMS,VIDEO+HASH,NON_EXECUTE,,,,,
UI-02,"Onglets, routage des pads et gestes communs","core,keyshift,stems,samples",P0,A+F,COMPLET; pistes et banque chargées,"F touche KEY, STEMS, SAMPLES, BEAT FX, puis retouche l’onglet actif",Changement direct entre panneaux; second appui retourne à STATUS; BEAT FX reste utilisable,VIDEO,NON_EXECUTE,,,,,
UI-03,"Onglets, routage des pads et gestes communs","core,keyshift,stems,samples",P0,A+F,Profil KEY ou STEMS sans Samples,F ouvre le panneau puis touche STATUS,Retour natif possible même sans Samples; aucune interaction forcée avec le panneau précédent,VIDEO,NON_EXECUTE,,,,,
UI-04,"Onglets, routage des pads et gestes communs","core,keyshift,stems,samples",P0,A+F,"SAMPLES ouvert, loop sample en cours","F presse HOT CUE, BEAT LOOP, SLIP LOOP, BEAT JUMP puis revient SAMPLES",Routage suit le mode physique; aucun Hot Cue perdu; panneau et audio suivent le contrat figé; pas de déclenchement croisé,VIDEO+AUDIO,NON_EXECUTE,,,,,
UI-05,"Onglets, routage des pads et gestes communs","core,keyshift,stems,samples",P0,A+F,Deux decks; sliders STEMS et Samples,"F touche sans déplacer, glisse, sort de la cible puis relâche; répéter de l’autre côté",Pas de saut de gain au contact; pas de clic parasite après drag; deck opposé inchangé,VIDEO+AUDIO,NON_EXECUTE,,,,,
UI-06,"Onglets, routage des pads et gestes communs","core,keyshift,stems,samples",P1,A+F,"Dark puis Light, états idle/actif/indisponible",F parcourt tous les panneaux et appuie sur leurs commandes,"Texte, couleurs, état pressé et état désactivé lisibles; absence de chevauchement ou de scintillement persistant",PHOTO+VIDEO,NON_EXECUTE,,,,,
UI-07,"Onglets, routage des pads et gestes communs",core,P0,A+F,FR puis EN sur le RX3; profil messages ON puis OFF; aucun média en lecture au restart,F observe le message de démarrage et sa disparition; A vérifie readiness et désactivation explicite,"Message dans la langue du lecteur, sans masquage persistant des contrôles; pas de fin annoncée avant readiness; désactivation respectée",VIDEO+LOG,NON_EXECUTE,,,,,
BR-01,BROWSE : colonnes et tri,"browse-columns,core,key-match",P0,A+F,"Playlist SORT de 100 entrées, BPM en 3e colonne",F ouvre BROWSE et parcourt début/milieu/fin,Deux colonnes natives conservées; 3e correcte pour chaque ID; sélection lisible,VIDEO+ORACLE,NON_EXECUTE,,,,,
BR-02,BROWSE : colonnes et tri,"browse-columns,core,key-match",P0,A+F,"Playlist SORT mélangée; titre, artiste, BPM","F touche chaque en-tête deux fois, dans les deux directions",Tri de toute la liste et pas seulement de la page; flèche correcte; ordre comparé à l’oracle exporté,VIDEO+ORACLE,NON_EXECUTE,,,,,
BR-03,BROWSE : colonnes et tri,"browse-columns,core,key-match",P0,A+F,Troisième colonne successivement Key puis Duration puis Artist,F trie ascendant/descendant et charge le morceau sélectionné,Champ de tri valide; temps triés par durée et BPM numériquement; convention de clés/nulls figée; valeurs des colonnes inchangées,VIDEO+ORACLE,NON_EXECUTE,,,,,
BR-04,BROWSE : colonnes et tri,"browse-columns,core,key-match",P0,A+F,Une piste repère sélectionnée avant tri,"F trie, fait défiler puis appuie LOAD 1; recommence LOAD 2",Même track ID retenu et réellement chargé; pas simplement le même numéro de ligne,VIDEO+LOG,NON_EXECUTE,,,,,
BR-05,BROWSE : colonnes et tri,"browse-columns,core,key-match",P0,A+F,"Filtre natif actif, lignes vertes et couleurs Key Match",F trie plusieurs champs puis inverse,"Filtre, en-tête, marqueurs verts et catégories conservés; aucune ligne perdue/dupliquée ni champ invalide",VIDEO+ORACLE,NON_EXECUTE,,,,,
BR-06,BROWSE : colonnes et tri,"browse-columns,core,key-match",P1,A+F,"Titres/artistes longs, doublons, accents et champs vides",F sélectionne puis laisse défiler; change de ligne pendant le défilement,Pas de débordement; nouveau texte propre; pause et défilement cohérents; 3e valeur visible,VIDEO,NON_EXECUTE,,,,,
BR-07,BROWSE : colonnes et tri,"browse-columns,core,key-match",P0,A+F,BROWSE avec colonnes actives,F touche les anciennes zones LOAD écran puis les boutons LOAD physiques,Zones masquées inertes; LOAD physique charge le bon deck; boutons des autres écrans restent natifs,VIDEO,NON_EXECUTE,,,,,
BR-08,BROWSE : colonnes et tri,"browse-columns,core,key-match",P1,A+F,"Catégories/dossiers, menu ouvert et en-tête de liste",F fait un drag depuis l’en-tête puis navigue hors liste,Drag annulé sans tri; catégories et menus ne capturent pas le tri de pistes,VIDEO,NON_EXECUTE,,,,,
BR-09,BROWSE : colonnes et tri,"browse-columns,core,key-match",P0,A+F,Deux decks lisent; playlist longue; module seul puis avec Key Match,F trie et scrolle rapidement pendant 5 min,Aucune coupure audio; pas de lag persistant ni fuite de mémoire après retour idle,AUDIO+VIDEO+METRICS,NON_EXECUTE,,,,,
KEY-01,Key Shift et Key Sync,"keyshift,key-sync,key-match",P0,A+F,"D1 vide, K01 chargé uniquement sur D2",F ouvre KEY; A vérifie ID et tonalité,Tonalité D2 connue et correcte même sans chargement D1; inverse également valable,VIDEO+ORACLE,NON_EXECUTE,,,,,
KEY-02,Key Shift et Key Sync,"keyshift,key-sync,key-match",P0,A+F,"K01 et K02, tons mesurables, tempo nul","F applique +1, -1 et reset centre sur chaque deck",Décalage réel de ±1 demi-ton et libellé correct; deck opposé inchangé; durée/tempo conservés,AUDIO+VIDEO,NON_EXECUTE,,,,,
KEY-03,Key Shift et Key Sync,"keyshift,key-sync,key-match",P0,A+F,K01,F va à +12 puis -12; essaie un pas au-delà et revient à zéro,Bornes ±12 respectées; commande indisponible visible; aucun overflow ni octave involontaire au reset,AUDIO+VIDEO,NON_EXECUTE,,,,,
KEY-04,Key Shift et Key Sync,"keyshift,key-sync,key-match",P0,A+F,Décalage non nul sur D1; autre piste et piste sans clé préparées,F charge les deux successivement puis recharge une piste connue,Reset à zéro; nouvelle clé conservée; ancienne clé effacée si absente; aucune information du mauvais deck,VIDEO+LOG,NON_EXECUTE,,,,,
KEY-05,Key Shift et Key Sync,"keyshift,key-sync,key-match",P0,A+F,"Key Shift actif ±3, Master Tempo ON/OFF, tempo -6/0/+6 %",F change tempo et MT pendant lecture des deux decks,Comportement comparé au stock et à l’oracle tonal; pas de double transposition inattendue ni décrochage,AUDIO+VIDEO,NON_EXECUTE,,,,,
KEY-06,Key Shift et Key Sync,"keyshift,key-sync,key-match",P0,A+F,Musique M01 et signal Q01 transposés,"F pause/reprend, cue, hot cue, loop, Beat Jump, scratch et reverse","Aucun ancien fragment après repositionnement; pas de clic soutenu, gel ou décalage croissant",AUDIO+VIDEO,NON_EXECUTE,,,,,
KEY-07,Key Shift et Key Sync,"keyshift,key-sync,key-match",P0,A+F,"K8A MASTER D1, K2A D2; mode compatible; limite 1; extensions OFF",F ouvre KEY et demande la correction proposée sur D2,Proposition conforme au jeu natif/fallback documenté; dans le jeu classique 2A vers 9A à +1; MASTER D1 non transposable par Sync,VIDEO+ORACLE+AUDIO,NON_EXECUTE,,,,,
KEY-08,Key Shift et Key Sync,"keyshift,key-sync,key-match",P0,A+F,"Même couple, mode même tonalité, limites 1 puis 6",F tente KEY SYNC dans les deux configurations,Pas de proposition hors limite; à 6 la correction atteint 8A; cible majeure/mineure préservée,VIDEO+ORACLE,NON_EXECUTE,,,,,
KEY-09,Key Shift et Key Sync,"keyshift,key-sync,key-match",P0,A+F,Les deux decks connus; KEY affiché,F change MASTER puis charge un nouveau morceau MASTER sans ouvrir BROWSE,Référence actualisée; aucune ancienne cible applicable; délai éventuel documenté; puis concordance après ouverture BROWSE,VIDEO+LOG,NON_EXECUTE,,,,,
KEY-10,Key Shift et Key Sync,"keyshift,key-sync,key-match",P0,A+F,"MASTER connu, BROWSE puis KEY ouverts","F transpose MASTER, revient sur D2 et rouvre BROWSE",Référence et suggestions suivent la clé effective; snapshot périmé non réutilisé comme actuel,VIDEO+ORACLE,NON_EXECUTE,,,,,
KEY-11,Key Shift et Key Sync,"keyshift,key-sync,key-match",P0,A+F,Référence absente/inconnue et candidat inconnu; source USB1 puis USB2,"F tente KEY SYNC, puis restaure des clés connues",Pas d’action sans référence fiable; stockage et numéro de deck jamais confondus,VIDEO,NON_EXECUTE,,,,,
KEY-12,Key Shift et Key Sync,"keyshift,key-sync,key-match",P0,A+F,"Candidat déjà compatible, identique, puis prétransposé",F demande Sync; teste égalité de distance et limite absolue,Déjà accepté reste inchangé; choix du plus petit déplacement supplémentaire conforme à l’oracle; bornes respectées,VIDEO+ORACLE+AUDIO,NON_EXECUTE,,,,,
KEY-13,Key Shift et Key Sync,"keyshift,key-sync,key-match",P0,A+F,Profil Key Shift seul puis Key Match seul puis trio,F ouvre KEY/BROWSE et tente les fonctions disponibles,Manuel utilisable seul; Key Match sans transposition; Sync seulement quand ses dépendances sont actives,VIDEO+HASH,NON_EXECUTE,,,,,
KM-01,Key Match et recherche,"key-match,search-latin,browse-columns",P0,A+F,Playlist KEY24; MASTER 8A; extensions OFF,F ouvre BROWSE; A compare aux classifications natives stock,Verts natifs préservés; aucune couleur supplémentaire non demandée,VIDEO+ORACLE,NON_EXECUTE,,,,,
KM-02,Key Match et recherche,"key-match,search-latin,browse-columns",P0,A+F,"KEY24; activer +2, +7, +4 séparément puis ensemble","F observe 10A, 3A et 12A face à MASTER 8A",Jaune/orange/rouge selon règles dirigées du contrat; vert natif prioritaire; +4 clairement expérimental,VIDEO+ORACLE,NON_EXECUTE,,,,,
KM-03,Key Match et recherche,"key-match,search-latin,browse-columns",P0,A+F,"Même liste; contre-exemples 6A, 1A, 4A et clés B",F observe les relations inverses et change MASTER,Ne pas accepter une promesse ± si seul + est implémenté; aucun faux match entre modes non prévu,VIDEO+ORACLE,NON_EXECUTE,,,,,
KM-04,Key Match et recherche,"key-match,search-latin,browse-columns",P0,A+F,BROWSE ouvert puis trié; MASTER remplacé/transposé,F change référence et filtre sans quitter la liste,Marqueurs et troisième colonne actualisés ensemble; aucun résidu de la piste précédente,VIDEO+ORACLE,NON_EXECUTE,,,,,
KM-05,Key Match et recherche,"key-match,search-latin,browse-columns",P1,A+F,Traffic Light natif ON puis OFF; piste sans clé,F observe les mêmes lignes,Respect du réglage natif et du contrat; piste inconnue sans suggestion inventée,VIDEO,NON_EXECUTE,,,,,
KM-06,Key Match et recherche,"key-match,search-latin,browse-columns",P0,A+F,"SEARCH contient NIÑO, CORAZÓN, Bébé, Straße, Eth/Thorn et titres témoins","F saisit NINO, CORAZON, BEBE puis les formes de recherche préparées",Résultats trouvés sur la vraie base exportée; métadonnées affichées inchangées; ß vers un S testé comme tel,VIDEO+ORACLE,NON_EXECUTE,,,,,
KM-07,Key Match et recherche,"key-match,search-latin,browse-columns",P1,A+F,"Même recherche sans module, puis activée; chaînes longues/vides","F efface, recherche sans résultat et sélectionne un résultat",Différence utile démontrée; aucun blocage ou corruption du champ; bonne piste chargée,VIDEO,NON_EXECUTE,,,,,
ST-01,"Stems : son, contrôles, limites et chargement","stems,core,keyshift",P0,A+F,Paquet SYN3 et piste M01 préparés; D1 puis D2,F charge et ouvre STEMS; attend la fin de chargement,"Trois rôles disponibles, états lisibles; aucun rôle de l’ancienne piste durant le chargement",VIDEO+LOG,NON_EXECUTE,,,,,
ST-02,"Stems : son, contrôles, limites et chargement","stems,core,keyshift",P0,A+F,SYN3 dont chaque composante est connue,F écoute les 7 combinaisons non vides puis tout coupe; A enregistre,Chaque combinaison correspond au mix attendu; INST conserve la basse; tout activé retrouve le mix; silence quand tout est coupé,AUDIO+ORACLE,NON_EXECUTE,,,,,
ST-03,"Stems : son, contrôles, limites et chargement","stems,core,keyshift",P0,A+F,"SYN3, écran STEMS et mode SLIP LOOP","F alterne pads 5 INST, 6 VOCAL, 7 DRUMS et commandes tactiles; essaie pad 8","Audio, LED et écran cohérents; pad 8 garde sa boucle native",VIDEO+AUDIO,NON_EXECUTE,,,,,
ST-04,"Stems : son, contrôles, limites et chargement","stems,core,keyshift",P0,A+F,STEMS 100 %; panneau combiné boutons/sliders,"F fait un tap, puis maintien >350 ms et glisse vers 50/0/100 %",Tap mute/active; drag règle sans saut initial ni toggle final; 0 éteint; à 100 slider se masque après environ 2 s,VIDEO+AUDIO,NON_EXECUTE,,,,,
ST-05,"Stems : son, contrôles, limites et chargement","stems,core,keyshift",P0,A+F,Deux pistes différentes simultanées,F modifie tous les niveaux sur D1 puis D2 et recharge un deck,Indépendance des decks; niveaux réinitialisés au nouveau morceau; pas de contamination croisée,VIDEO+AUDIO,NON_EXECUTE,,,,,
ST-06,"Stems : son, contrôles, limites et chargement","stems,core,keyshift",P0,A+F,M01 en lecture; stems tous actifs puis isolés,"F fait 30 toggles rapides, tempo, MT, loops, Beat Jump et scratch","Pas de désynchronisation, clic anormal récurrent ou fragment ancien; transition cohérente avec le transport",AUDIO+VIDEO,NON_EXECUTE,,,,,
ST-07,"Stems : son, contrôles, limites et chargement","stems,core,keyshift",P0,A+F,"Trois paquets distincts A gros, B petit, C petit; autre deck joue","F charge A puis B/C avant la fin du premier chargement, 20 fois",Seul le dernier morceau publie ses stems; lectures obsolètes abandonnées; autre deck continu; mémoire récupérée,LOG+AUDIO+METRICS,NON_EXECUTE,,,,,
ST-08,"Stems : son, contrôles, limites et chargement","stems,core,keyshift",P0,A+F,Piste sans paquet puis paquet sain,F charge chaque piste et touche les anciennes zones stems,Piste ordinaire joue normalement; message NO STEMS/inactivité; chargement sain suivant opérationnel,VIDEO+AUDIO,NON_EXECUTE,,,,,
ST-09,"Stems : son, contrôles, limites et chargement","stems,core,keyshift",P0,A+F,"Copies tronquée, mauvais CRC et header invalide d’un paquet",F charge chaque piste dédiée puis une saine,Paquet rejeté en totalité; pas de mélange partiel ni crash; son natif et recovery vérifiés,LOG+VIDEO+AUDIO,NON_EXECUTE,,,,,
ST-10,"Stems : son, contrôles, limites et chargement","stems,core,keyshift",P1,A+F,"Corpus legacy vocal seul, vocal+drums, ancien bass, optional invalide",F charge chaque variante et joue tous les contrôles visibles,Compatibilité conservée; bass ancien suit INST; seul préfixe contigu valide legacy admis; pas de relecture inutile observable,LOG+AUDIO,NON_EXECUTE,,,,,
ST-11,"Stems : son, contrôles, limites et chargement","stems,core,keyshift",P0,A+F,Deux paquets sous plafond individuel mais dépassant ensemble 512 MiB,F charge le premier puis le second; A observe sans allouer de mémoire artificielle,Refus du second set lorsque le budget est insuffisant; premier deck intact; message explicite; pas d’OOM,LOG+METRICS+AUDIO,NON_EXECUTE,,,,,
ST-12,"Stems : son, contrôles, limites et chargement","stems,core,keyshift",P0,A+F,Tailles calculées juste avant/après limites; jeu dédié préparé hors app si test négatif,F charge seulement les fixtures bornées prévues; A contrôle mémoire disponible,Limites de taille/durée et réserve de 300 MiB appliquées; refus sûr; aucun test ne force l’épuisement mémoire,LOG+METRICS,NON_EXECUTE,,,,,
ST-13,"Stems : son, contrôles, limites et chargement","stems,core,keyshift",P0,A+F,"Même basename sur chemins distincts, nom long, accents, USB1/USB2",F charge chaque piste; A compare signature audio au manifeste,"Aucun paquet attribué au mauvais morceau; ambiguïté éventuelle refuse ou reste native, jamais stems étrangers",AUDIO+HASH+LOG,NON_EXECUTE,,,,,
ST-14,"Stems : son, contrôles, limites et chargement","stems,core,keyshift",P0,A+F,"M01 avec stems, Key Shift et Samples actifs","F transpose ±, joue quatre samples et change les rôles","Mix cohérent, pas de saturation interne inattendue à niveaux de test, aucun décrochage",AUDIO+VIDEO+METRICS,NON_EXECUTE,,,,,
WF-01,Waveforms Stems,"stems,theme-white",P0,A+F,"SYN3 et M01; Blue, RGB et 3 Band disponibles",F parcourt les 7 combinaisons pour chaque mode et chaque deck,Waveform principale et overview cohérentes avec rôles actifs; retour full mix restitue l’original; temps/cues inchangés,VIDEO+ORACLE,NON_EXECUTE,,,,,
WF-02,Waveforms Stems,"stems,theme-white",P0,A+F,Stems actifs avec niveaux intermédiaires puis zéro,F ajuste et réactive chaque rôle,Règle de waveform liée aux rôles actifs explicitée; aucun dessin périmé; absence de promesse de niveau continu si dessin binaire,VIDEO,NON_EXECUTE,,,,,
WF-03,Waveforms Stems,"stems,theme-white",P0,A+F,"Waveform filtrée, pistes avec/sans préparation alternées",F charge nouveau morceau puis revient au précédent,Aucune colonne/overview de la piste ancienne; retour natif si données absentes,VIDEO,NON_EXECUTE,,,,,
WF-04,Waveforms Stems,"stems,theme-white",P0,A+F,Paquet legacy audio-only compatible,F active/coupe les rôles dans chaque mode visuel,Audio stems fonctionnel et waveform native conservée; pas de données inventées,VIDEO+AUDIO,NON_EXECUTE,,,,,
WF-05,Waveforms Stems,"stems,theme-white",P1,A+F,"Sources 44,1/48 kHz; transitoires et silences; analyse à sections cues répétées","F charge, zoome si disponible, saute début/fin et observe",Lecture d’analyse acceptée; bandes RGB sans débordement; fin et padding propres; comparaison visuelle documentée,VIDEO+ORACLE,NON_EXECUTE,,,,,
WF-06,Waveforms Stems,"stems,theme-white",P0,A+F,Deux waveforms actives; toggles stems et thème,"F change rapidement thème et rôles, 20 cycles","Aucun gel de transport, damier, reste d’ancienne palette ou perte d’overview",VIDEO+AUDIO+METRICS,NON_EXECUTE,,,,,
SA-01,Samples,"samples,core",P0,A+F,Banque B1 avec 8 signatures sonores et couleurs distinctes,F touche SAMPLES puis chaque pad D1 et D2,"Bons son, nom, couleur et gain; pas de son d’un autre pad; touches natives restaurables",VIDEO+AUDIO,NON_EXECUTE,,,,,
SA-02,Samples,"samples,core",P0,A+F,Pad1 one-shot et pad2 hold,F relâche immédiatement pad1; maintient puis relâche pad2,One-shot va à son terme; hold s’arrête au relâchement avec comportement de bord attendu,AUDIO+VIDEO,NON_EXECUTE,,,,,
SA-03,Samples,"samples,core",P0,A+F,Pad3 loop et pad4 latch,F appuie deux fois chacun puis laisse chaque mode aller à sa fin,Loop boucle jusqu’au second appui; latch s’arrête au second appui ou à sa fin et ne boucle pas,AUDIO+VIDEO,NON_EXECUTE,,,,,
SA-04,Samples,"samples,core",P0,A+F,Pad2 hold sur les deux decks,"F maintient le même pad sur D1 et D2, relâche D1 puis D2",Son maintenu tant qu’un deck le tient; dernier relâchement arrête,AUDIO+VIDEO,NON_EXECUTE,,,,,
SA-05,Samples,"samples,core",P0,A+F,Pad2 tenu; pad3 loop actif,F change de panneau puis de mode physique et relâche hold; revient SAMPLES,Pas de perte de ownership; hold cesse au dernier relâchement; loop conservée puis arrêtable,AUDIO+VIDEO,NON_EXECUTE,,,,,
SA-06,Samples,"samples,core",P0,A+F,"Quatre pads distincts en lecture, répartis entre decks","F tente un cinquième pad, libère une voix puis retente",Plafond global 4; cinquième refusé sans couper les autres; slot libéré réutilisable,AUDIO+VIDEO,NON_EXECUTE,,,,,
SA-07,Samples,"samples,core",P0,A+F,"Pad1 en lecture, quatre voix occupées","F retrigge pad1 rapidement 30 fois, y compris juste après son départ",Retrigger repart sans voix supplémentaire; aucune commande perdue au curseur zéro,AUDIO+VIDEO,NON_EXECUTE,,,,,
SA-08,Samples,"samples,core",P0,A+F,B1 SHIFT silence ON puis B2 OFF,F joue plusieurs sons puis presse SHIFT seul sur chaque deck,ON stoppe tous les samples; OFF ne les stoppe pas; fonctions SHIFT natives conservées,AUDIO+VIDEO,NON_EXECUTE,,,,,
SA-09,Samples,"samples,core",P0,A+F,"B1 volume défaut 50, gains par pad 0/50/100/200 testés à faible master","F glisse volume banque, touche sa valeur pour reset et compare les pads",Niveau et reset cohérents; 0 muet; gains enregistrés appliqués sans dépassement non annoncé,AUDIO+VIDEO,NON_EXECUTE,,,,,
SA-10,Samples,"samples,core",P1,A+F,"Pads vides, son très court, son 8 s et source 9 s préparée par l’app",F déclenche chaque pad; A compare durée et fin,Vide sans effet; durée exportée limitée aux 8 premières secondes; boucle courte sans trou répété anormal,AUDIO+HASH,NON_EXECUTE,,,,,
SA-11,Samples,"samples,core",P0,A+F,"Samples joués, piste en pause puis en lecture; master et talkover disponibles","F ajuste master, active talkover puis coupe celui-ci",Samples intégrés au chemin de sortie prévu; niveaux restaurés; pas de disparition/duplication imprévue,AUDIO+VIDEO,NON_EXECUTE,,,,,
SA-12,Samples,"samples,core",P0,A+F,Banque absente puis fichier WAV/settings corrompu sur copie,F ouvre et déclenche les pads puis recharge B1 saine,Refus explicite/borné; pas de lecture hors limites ni crash; banque saine de nouveau utilisable,LOG+VIDEO,NON_EXECUTE,,,,,
SA-13,Samples,"samples,core",P0,A+F,B1 puis B2 même nom avec audio modifié; autre deck arrêté,A prépare changement; F effectue l’éjection/insertion demandée,Génération détectée; redémarrage encadré si nécessaire; aucun ancien son annoncé comme nouveau,HASH+LOG+AUDIO,NON_EXECUTE,,,,,
VIS-01,Thème et logo,"theme-white,logo,core",P0,A+F,"Profils startup dark/light/wait/switch, démarrage froid chacun",F observe du premier écran à la disponibilité; A filme,Mode demandé réellement obtenu; pas de moitié d’écran incohérente; mode wait attend la première peinture,VIDEO+LOG,NON_EXECUTE,,,,,
VIS-02,Thème et logo,"theme-white,logo,core",P0,A+F,"Deux decks chargés en lecture, profils switch",F alterne SHIFT+SHORTCUT 20 fois,"Fond, header, cellules Hot Cue et panneaux cohérents sans quitter/revenir à l’écran; audio continu",VIDEO+AUDIO,NON_EXECUTE,,,,,
VIS-03,Thème et logo,"theme-white,logo,core",P0,A+F,"Même charge, menu Utility","F choisit DISPLAY MODE DARK puis LIGHT, 10 cycles",Même résultat que le raccourci; navigation et fermeture menu correctes,VIDEO+AUDIO,NON_EXECUTE,,,,,
VIS-04,Thème et logo,"theme-white,logo,core",P0,A+F,Light actif; collection de pochettes et écrans encore non visités,"F parcourt BROWSE, SEARCH, menus, pads et waveforms",Conversion progressive puis stable; pas de blocage long lors d’une première image; transparence et couleurs utiles conservées,VIDEO+METRICS,NON_EXECUTE,,,,,
VIS-05,Thème et logo,"theme-white,logo,core",P0,A+F,Changement de mode pendant conversion de nouvelles images,F bascule plusieurs fois avant stabilisation,Aucune image partiellement convertie publiée; pas de mélange persistant de modes; cache cohérent,VIDEO+LOG,NON_EXECUTE,,,,,
VIS-06,Thème et logo,"theme-white,logo,core",P1,A+F,Beaucoup de pochettes différentes; limites naturelles de l’arène,F navigue une collection représentative pendant 15 min,Mémoire bornée; fallback stock lisible à saturation; aucun forçage artificiel de pénurie sur lecteur,VIDEO+METRICS,NON_EXECUTE,,,,,
VIS-07,Thème et logo,"theme-white,logo,core",P0,A+F,"Profil LOGO seul, image avec repères de bord et transparence",F démarre puis compare au cadrage app,Logo centré aux bonnes dimensions; zones transparentes propres; readiness vraie; pas besoin de Stems/Key Shift,PHOTO+HASH,NON_EXECUTE,,,,,
VIS-08,Thème et logo,"theme-white,logo,core",P1,A+F,Logo dark/light distinct puis une seule image fournie,F bascule thème et inspecte,Bonne variante utilisée; fallback à l’image fournie cohérent; gris préservés selon option,PHOTO,NON_EXECUTE,,,,,
VIS-09,Thème et logo,"theme-white,logo,core",P0,A+F,"Nouveau logo sur clé, puis fichier invalide sur copie dédiée",F réinsère selon U; A suit génération et readiness,Nouveau logo après restart prévu; invalide rejeté et pas de succès trompeur; restauration de la version saine,LOG+PHOTO+HASH,NON_EXECUTE,,,,,
VIS-10,Thème et logo,"theme-white,logo,core",P0,A+F,Thème et logo retirés par nouvelle sélection puis démarrage stock,F inspecte les mêmes écrans,Placement et images natives rétablis; aucun hook résiduel ni zone d’image invalide,PHOTO+ENV,NON_EXECUTE,,,,,
NP-01,Now Playing,"now-playing,telnet",P0,A+F,"Récepteur UDP 50123 sur ordinateur, connexion USB-B",F charge D1 puis D2; A capture les datagrammes,"JSON valide, deux decks corrects, titres/BPM/IDs cohérents; rien attribué au mauvais deck",NETWORK+VIDEO,NON_EXECUTE,,,,,
NP-02,Now Playing,"now-playing,telnet",P1,A+F,Deux pistes Unicode et titres longs,F remplace un morceau pendant lecture de l’autre,Texte encodé/échappé correctement; snapshot des deux decks cohérent,NETWORK,NON_EXECUTE,,,,,
NP-03,Now Playing,"now-playing,telnet",P0,A+F,Pistes connues; capture réseau prête,"F exécute play/pause/cue, tempo puis fader/on-air; A corrèle les événements",Table observée des valeurs brutes et unités; aucune traduction play mode/tempo annoncée sans preuve,NETWORK+VIDEO,NON_EXECUTE,,,,,
NP-04,Now Playing,"now-playing,telnet",P1,A,Récepteur lancé après démarrage du module,Attendre puis arrêter/relancer le récepteur,Heartbeats environ toutes les 2 s; état complet récupéré sans recharger de piste,NETWORK,NON_EXECUTE,,,,,
NP-05,Now Playing,"now-playing,telnet",P0,A+F,"Récepteur absent puis câble déconnecté, audio continu",F poursuit le mix; A restaure le récepteur ensuite,Télémétrie sans blocage audio; reprise automatique; absence de destinataire tolérée,AUDIO+NETWORK,NON_EXECUTE,,,,,
NP-06,Now Playing,"now-playing,telnet",P0,A+F,Module retiré puis redémarrage du profil FINAL,A observe UDP; F charge et joue deux pistes,Plus de datagrammes du module; aucun thread fantôme; lecteur normal,NETWORK+ENV,NON_EXECUTE,,,,,
USB-01,"Insertion USB, redémarrage, retrait et récupération","core,stems,samples,logo,key-match,browse-columns,logging,telnet",P0,A+F,U1 inchangée; pistes arrêtées/déchargées de U1,"F éjecte proprement puis réinsère 5 fois; A compare PID/starttime, core et inodes",Pas de restart sans changement; liens remis à jour si montage change; pas de modification inutile d’actifs,ENV+HASH+LOG,NON_EXECUTE,,,,,
USB-02,"Insertion USB, redémarrage, retrait et récupération","core,stems,samples,logo,key-match,browse-columns,logging,telnet",P0,A+F,"Musique depuis U2, U1 mod identique sans piste chargée depuis U1",F éjecte/réinsère U1 pendant lecture U2,PID et audio inchangés; pas de reset des états des decks,AUDIO+ENV+LOG,NON_EXECUTE,,,,,
USB-03,"Insertion USB, redémarrage, retrait et récupération","core,stems,samples,logo,key-match,browse-columns,logging,telnet",P0,A+F,U2 en lecture; U1 contient nouvelle génération core/logo/config,F insère U1; A observe puis attend une fenêtre sûre,Modification différée par garde média; pas de remplacement des fichiers live ni interruption U2; motif explicite,AUDIO+HASH+LOG,NON_EXECUTE,,,,,
USB-04,"Insertion USB, redémarrage, retrait et récupération","core,stems,samples,logo,key-match,browse-columns,logging,telnet",P0,A+F,Aucun autre média actif; nouvelle génération prête,F insère U1 et attend le message de fin,Un restart planifié; core et ressources de même génération; base USB redevient visible; aucun double autoexec,ENV+VIDEO+LOG,NON_EXECUTE,,,,,
USB-05,"Insertion USB, redémarrage, retrait et récupération","core,stems,samples,logo,key-match,browse-columns,logging,telnet",P0,A+F,Config Key Match/BROWSE inchangée puis réellement modifiée,F réinsère les deux builds successivement en période sûre,No-op accepté; vrai changement appliqué au bon moment; absence d’échec shell sur code sans changement,LOG+VIDEO,NON_EXECUTE,,,,,
USB-06,"Insertion USB, redémarrage, retrait et récupération","core,stems,samples,logo,key-match,browse-columns,logging,telnet",P0,A+F,"Banque identique déplacée, puis même nom/audio changé, puis banque désactivée",F suit les trois insertions proposées,Identique repointe sans reset inutile; changé/désactivé applique la bonne génération via restart; aucun ancien contenu,HASH+AUDIO+ENV,NON_EXECUTE,,,,,
USB-07,"Insertion USB, redémarrage, retrait et récupération","core,stems,samples,logo,key-match,browse-columns,logging,telnet",P0,A+F,COMPLET puis retrait d’un module en conservant Core,F réinsère hors lecture; A inspecte la sélection et le processus,Fonction retirée réellement absente après restart; autres modules opérationnels; pas de résidu de hook,LOG+VIDEO+ENV,NON_EXECUTE,,,,,
USB-08,"Insertion USB, redémarrage, retrait et récupération","core,stems,samples,logo,key-match,browse-columns,logging,telnet",P0,A+F,COMPLET puis suppression de Core et de ses dépendants via l’app,F suit la procédure de retrait puis démarre sans mod,"Retour stock complet et vérifié; si retrait à chaud non supporté, app/documentation imposent le cycle nécessaire; aucun faux succès",LOG+VIDEO+ENV,NON_EXECUTE,,,,,
USB-09,"Insertion USB, redémarrage, retrait et récupération","core,stems,samples,logo,key-match,browse-columns,logging,telnet",P0,A+F,"Démarrage froid, mod non encore actif",F tient SHIFT gauche avant insertion jusqu’à reconnaissance; recommence SHIFT droite,Chaque bouton déclenche le bypass; pas de patch/module/log USB appliqué pour cette insertion; lecteur stock,VIDEO+ENV,NON_EXECUTE,,,,,
USB-10,"Insertion USB, redémarrage, retrait et récupération","core,stems,samples,logo,key-match,browse-columns,logging,telnet",P0,A+F,Mod déjà actif; insertion avec SHIFT tenu,F réinsère en SHIFT puis compare,Insertion ignorée mais mod actif non prétendu désinstallé; retour stock seulement via procédure prévue,VIDEO+ENV,NON_EXECUTE,,,,,
USB-11,"Insertion USB, redémarrage, retrait et récupération","core,stems,samples,logo,key-match,browse-columns,logging,telnet",P0,A,"Lecteur idle, plan de secours validé; double lancement contrôlé du même orchestrateur","Déclencher uniquement via voie qualifiée, puis vérifier le verrou; sinon rester BLOQUE",Une seule application; concurrent refuse sans supprimer le workspace du premier; pas de stale lock non expliqué,LOG+ENV,NON_EXECUTE,,,,,
USB-12,"Insertion USB, redémarrage, retrait et récupération","core,stems,samples,logo,key-match,browse-columns,logging,telnet",P0,A+F,"Installation délibérément invalide sur clé de test, aucune lecture",F insère; A observe refus/rollback puis propose la clé saine,État précédent restauré si transition commencée; refus avant changement sinon; retour à la lecture native démontré,LOG+HASH+VIDEO,NON_EXECUTE,,,,,
USB-13,"Insertion USB, redémarrage, retrait et récupération","core,stems,samples,logo,key-match,browse-columns,logging,telnet",P0,A+F,"Logging simple/verbose puis OFF, U1/U2",F éjecte uniquement par procédure native ou arrête complètement si nécessaire,Retrait sans corruption ni handle bloquant inexpliqué; procédure exacte documentée par mode; hashes musique inchangés,HASH+LOG,NON_EXECUTE,,,,,
USB-14,"Insertion USB, redémarrage, retrait et récupération","core,stems,samples,logo,key-match,browse-columns,logging,telnet",P1,A+F,"USB1 puis USB2, supports FAT compatibles distincts; chemins longs",F répète chargement et réinsertion,Pas de dépendance au nom sda/sdb ni au port; bonne bibliothèque et bons stems,LOG+VIDEO+HASH,NON_EXECUTE,,,,,
END-01,"Combinaisons, endurance et validation finale","core,beatjump-32bars,beatjump-no-quantize,decoder-sleep,browse-columns,keyshift,key-match,key-sync,stems,samples,theme-white,logo,search-latin,now-playing,logging,logging-verbose,telnet",P0,A+F,"Chaque module seul avec ses dépendances minimales, puis COMPLET",A prépare les profils; F fait le smoke de chaque fonction,17 modules couverts; dépendances exactes; absence de couplage caché à un module non sélectionné,HASH+VIDEO+LOG,NON_EXECUTE,,,,,
END-02,"Combinaisons, endurance et validation finale","core,beatjump-32bars,beatjump-no-quantize,decoder-sleep,browse-columns,keyshift,key-match,key-sync,stems,samples,theme-white,logo,search-latin,now-playing,logging,logging-verbose,telnet",P0,A+F,"COMPLET, M01/M02, 4 samples et capture audio","F joue 30 min: stems, Key Shift, Beat Jump, tri BROWSE et thème selon séquence imposée",Zéro crash/restart/coupure inexpliquée; commandes utiles malgré concurrence; défauts audio caractérisés,AUDIO+VIDEO+METRICS,NON_EXECUTE,,,,,
END-03,"Combinaisons, endurance et validation finale","core,beatjump-32bars,beatjump-no-quantize,decoder-sleep,browse-columns,keyshift,key-match,key-sync,stems,samples,theme-white,logo,search-latin,now-playing,logging,logging-verbose,telnet",P0,A+F,Même génération; cycle de 10 min répété 12 fois,A pilote observations et changements préparés; F assure gestes requis ou lecture continue définie,Endurance 2 h; mémoire/threads/FD stabilisés; aucun état coincé; stress actif distingué du simple idle,AUDIO+METRICS+LOG,NON_EXECUTE,,,,,
END-04,"Combinaisons, endurance et validation finale","core,beatjump-32bars,beatjump-no-quantize,decoder-sleep,browse-columns,keyshift,key-match,key-sync,stems,samples,theme-white,logo,search-latin,now-playing,logging,logging-verbose,telnet",P0,A+F,Profil FINAL sans Telnet/logs et même artefact candidat,F mixe 30 min; A capture depuis ordinateur sans instrumentation lecteur,Comportement confirmé hors profil diagnostic; audio et UI ne dépendent pas des sondes,AUDIO+VIDEO+HASH,NON_EXECUTE,,,,,
END-05,"Combinaisons, endurance et validation finale","core,beatjump-32bars,beatjump-no-quantize,decoder-sleep,browse-columns,keyshift,key-match,key-sync,stems,samples,theme-white,logo,search-latin,now-playing,logging,logging-verbose,telnet",P0,A+F,"5 démarrages à froid dont un avec deux clés, sans retrait brutal",F démarre/arrête selon consigne; A compare chaque session,Pas de course aléatoire au boot; readiness et médias corrects à chaque fois,VIDEO+LOG,NON_EXECUTE,,,,,
END-06,"Combinaisons, endurance et validation finale","core,beatjump-32bars,beatjump-no-quantize,decoder-sleep,browse-columns,keyshift,key-match,key-sync,stems,samples,theme-white,logo,search-latin,now-playing,logging,logging-verbose,telnet",P0,A,Résultats complets pour chaque firmware revendiqué,"Relire preuves, anomalies, hashes et cas BLOQUE/NON_EXECUTE",Aucun P0 non résolu ni P1 affectant le set; couverture firmware explicitement limitée si un seul appareil/version testé,DOC,NON_EXECUTE,,,,,
DIST-01,Compatibilité de distribution et options expérimentales,"stems,core",P0,A+F,Chaque OS et architecture réellement publié; application empaquetée,"A répète installation, ouverture, sélection USB, build et préparation M01; F aide seulement pour permissions système","Chaque binaire publié testé; Linux/WebKit, macOS signature et Windows chemins contrôlés selon cible",LOG+HASH+VIDEO,NON_EXECUTE,,,,,
DIST-02,Compatibilité de distribution et options expérimentales,"stems,core",P0,A+F,Firmware 1.19 puis 1.20 sur banc disponible distinct ou changement planifié séparément,Rejouer P0 et smoke de chaque module avec mêmes médias,Résultats propres à chaque firmware; les trois octets de différence ne remplacent pas une recette réelle,DOC+HASH,NON_EXECUTE,,,,,
DIST-03,Compatibilité de distribution et options expérimentales,"stems,core",P1,A,"OverCue OFF puis ON, source lossless et source lossy","Exporter, relire les fichiers, tester refus et manque de place sur copie",Option OFF inchangée; ON produit sortie vérifiée avec estimation; restriction lossless explicite; échec ne détruit pas les paquets RX3,HASH+LOG,NON_EXECUTE,,,,,
DIST-04,Compatibilité de distribution et options expérimentales,"stems,core",P1,A+F,CDJ-3000 et environnement OverCue disponibles séparément,"F teste reconnaissance, rôles, seek et deux decks sur la cible; sinon noter NON_EXECUTE",Aucune compatibilité CDJ déclarée validée à partir des seuls tests RX3; option reste expérimentale sans cette preuve,VIDEO+AUDIO+DOC,NON_EXECUTE,,,,,
DIST-05,Compatibilité de distribution et options expérimentales,stems,P1,A+F,Seulement si le binaire livré active RX3_OVERCUE_PROTOTYPE; fichiers 96 kHz de test vérifiés,"A identifie le flag réel; si activé, F teste lecture, rôles, seek, chargements rapides et 2 decks sur RX3","Cache/conversion sans sous-alimentation ni désynchronisation; sinon NA_JUSTIFIE flag absent, distinct de l’export desktop OverCue",HASH+AUDIO+METRICS,NON_EXECUTE,,,,,
